{
  "output.timezone": {
    "type": "select",
    "label": "Часовой пояс",
    "show_if": "output.compose_table_name=='true' && (output.prefix_rule=='date_string_type1' || output.prefix_rule=='date_string_type2' || output.prefix_rule=='time_string' || output.prefix_rule=='datetime_string' || output.suffix_rule=='date_string_type1' || output.suffix_rule=='date_string_type2' || output.suffix_rule=='time_string' || output.suffix_rule=='datetime_string')",
    "val": "Europe/Berlin",
    "required": true,
    "options": {
      "America/Adak": {
        "label": "Адак, Гамбиер"
      },
      "Australia/Adelaide": {
        "label": "Аделаида, Брокен Хилл, Дарвин"
      },
      "America/Anchorage": {
        "label": "Анкоридж, Джуно, Ситка"
      },
      "Pacific/Apia": {
        "label": "Апиа, Асау, Мулифануа, Афега, Леулумоэга"
      },
      "Pacific/Enderbury": {
        "label": "Апиа, Фиджи, Тонгатапу"
      },
      "Antarctica/McMurdo": {
        "label": "Окленд, Кейси, Дэвис"
      },
      "Pacific/Auckland": {
        "label": "Окленд, Веллингтон, Крайстчерч"
      },
      "Asia/Bangkok": {
        "label": "Бангкок, Джакарта, Новосибирск"
      },
      "Europe/Berlin": {
        "label": "Берлин, Париж, Амстердам"
      },
      "Australia/Perth": {
        "label": "Бруней, Сингапур, Перт"
      },
      "Atlantic/Cape_Verde": {
        "label": "Cape Verde,Praia, Mindelo, Santa Maria"
      },
      "America/Belize": {
        "label": "Коста-Рика, Сальвадор, Денвер"
      },
      "Antarctica/Vostok": {
        "label": "Дакка, Бишкек, Омск"
      },
      "Europe/Astrakhan": {
        "label": "Дубай, Баку, Тбилиси"
      },
      "Australia/Eucla": {
        "label": "Эвкла"
      },
      "Pacific/Honolulu": {
        "label": "Гонолулу, Раротонга, Таити"
      },
      "Asia/Kabul": {
        "label": "Кабул, Кандагар, Мазар-е Шариф, Герат, Джалалабад"
      },
      "Asia/Aqtau": {
        "label": "Карачи, Ташкент, Мальдивы"
      },
      "Asia/Kathmandu": {
        "label": "Катманду, Покхара, Патан, Биратнагар"
      },
      "Pacific/Kiritimati": {
        "label": "Киритимати"
      },
      "Asia/Colombo": {
        "label": "Калькутта, Коломбо, Джафна, Негомбо"
      },
      "Europe/Guernsey": {
        "label": "Лондон, Дублин, Лиссабон"
      },
      "Australia/Lord_Howe": {
        "label": "Лорд Хау"
      },
      "America/Creston": {
        "label": "Лос-Анджелес, Ванкувер, Эрмосильо"
      },
      "Pacific/Marquesas": {
        "label": "Маркизские острова, Тайохаэ"
      },
      "America/Cayman": {
        "label": "Мехико, Панама, Чикаго"
      },
      "Pacific/Niue": {
        "label": "Мидуэй, Ниуэ, Паго-Паго"
      },
      "Europe/Mariehamn": {
        "label": "Москва, Стамбул, Катар"
      },
      "Asia/Kolkata": {
        "label": "Мумбаи, Дели, Бенгалуру, Калькутта, Ченнаи"
      },
      "America/Miquelon": {
        "label": "Норонья, Нуук, Микелон"
      },
      "America/Danmarkshavn": {
        "label": "Рейкьявик, Дакар, Касабланка"
      },
      "Pacific/Bougainville": {
        "label": "Сахалин, Норфолк, Бугенвиль"
      },
      "America/Araguaina": {
        "label": "Сан-Паулу, Буэнос-Айрес, Монтевидео"
      },
      "America/St_Johns": {
        "label": "St. Johns ,Mount Pearl, Corner Brook"
      },
      "Asia/Tehran": {
        "label": "Тегеран, Мешхед, Исфахан, Карадж, Тебриз"
      },
      "Asia/Tokyo": {
        "label": "Токио, Сеул, Джаяпура"
      },
      "America/New_York": {
        "label": "Торонто, Сантьяго, Нью-Йорк"
      },
      "Australia/Sydney": {
        "label": "Владивосток, Сидней, Брисбен"
      },
      "Asia/Yangon": {
        "label": "Янгон, Кокос, Мандалай, Нейпьидо, Мавламьин"
      },
      "Indian/Cocos": {
        "label": "Янгон, Кокос, Западный остров"
      }
    }
  }
}