{
  "output.timezone": {
    "type": "select",
    "label": "时区",
    "show_if": "output.compose_table_name=='true' && (output.prefix_rule=='date_string_type1' || output.prefix_rule=='date_string_type2' || output.prefix_rule=='time_string' || output.prefix_rule=='datetime_string' || output.suffix_rule=='date_string_type1' || output.suffix_rule=='date_string_type2' || output.suffix_rule=='time_string' || output.suffix_rule=='datetime_string')",
    "val": "Europe/Berlin",
    "required": true,
    "options": {
      "America/Adak": {
        "label": "阿达克、甘比尔"
      },
      "Australia/Adelaide": {
        "label": "阿德雷德、布罗肯山、达尔文"
      },
      "America/Anchorage": {
        "label": "安克雷奇、朱诺、西特卡"
      },
      "Pacific/Apia": {
        "label": "阿皮亚、阿绍、穆利法努阿、阿费加、卢卢莫加"
      },
      "Pacific/Enderbury": {
        "label": "阿皮亚、斐济、汤加塔普"
      },
      "Antarctica/McMurdo": {
        "label": "奥克兰、凯西、戴维斯"
      },
      "Pacific/Auckland": {
        "label": "奥克兰、惠灵顿、基督城"
      },
      "Asia/Bangkok": {
        "label": "曼谷、雅加达、新西伯利亚"
      },
      "Europe/Berlin": {
        "label": "柏林、巴黎、阿姆斯特丹"
      },
      "Australia/Perth": {
        "label": "文莱、新加坡、珀斯"
      },
      "Atlantic/Cape_Verde": {
        "label": "Cape Verde,Praia, Mindelo, Santa Maria"
      },
      "America/Belize": {
        "label": "哥斯达黎加、萨尔瓦多、丹佛"
      },
      "Antarctica/Vostok": {
        "label": "达卡、比什凯克、鄂木斯克"
      },
      "Europe/Astrakhan": {
        "label": "迪拜、巴库、第比利斯"
      },
      "Australia/Eucla": {
        "label": "欧克拉"
      },
      "Pacific/Honolulu": {
        "label": "火奴鲁鲁、拉罗汤加、大溪地"
      },
      "Asia/Kabul": {
        "label": "喀布尔、坎大哈、马扎尔-谢里夫、赫拉特、贾拉巴德"
      },
      "Asia/Aqtau": {
        "label": "卡拉奇、塔什干、马尔代夫"
      },
      "Asia/Kathmandu": {
        "label": "加德满都、博卡拉、帕坦、比拉德纳格尔"
      },
      "Pacific/Kiritimati": {
        "label": "Kiritimati"
      },
      "Asia/Colombo": {
        "label": "加尔各答、科伦坡、贾夫纳、尼甘布"
      },
      "Europe/Guernsey": {
        "label": "伦敦、都柏林、里斯本"
      },
      "Australia/Lord_Howe": {
        "label": "豪爵"
      },
      "America/Creston": {
        "label": "洛杉矶、温哥华、埃莫西利洛"
      },
      "Pacific/Marquesas": {
        "label": "马克萨斯群岛、泰奥海"
      },
      "America/Cayman": {
        "label": "墨西哥城、巴拿马、芝加哥"
      },
      "Pacific/Niue": {
        "label": "中途岛、纽埃、帕果帕果"
      },
      "Europe/Mariehamn": {
        "label": "莫斯科、伊斯坦布尔、卡塔尔"
      },
      "Asia/Kolkata": {
        "label": "孟买、德里、班加罗尔、加尔各答、钦奈"
      },
      "America/Miquelon": {
        "label": "诺罗尼亚、努克、米克朗"
      },
      "America/Danmarkshavn": {
        "label": "雷克雅未克、达喀尔、卡萨布兰卡"
      },
      "Pacific/Bougainville": {
        "label": "萨哈林岛、诺福克、布干维尔"
      },
      "America/Araguaina": {
        "label": "圣保罗、布宜诺斯艾利斯、蒙得维的亚"
      },
      "America/St_Johns": {
        "label": "St. Johns ,Mount Pearl, Corner Brook"
      },
      "Asia/Tehran": {
        "label": "德黑兰、马什哈德、伊斯法罕、卡拉吉、大不里士"
      },
      "Asia/Tokyo": {
        "label": "东京、首尔、查亚普拉"
      },
      "America/New_York": {
        "label": "多伦多、圣地亚哥、纽约"
      },
      "Australia/Sydney": {
        "label": "符拉迪沃斯托克、悉尼、布里斯班"
      },
      "Asia/Yangon": {
        "label": "仰光、科科斯、曼德勒、内比都、毛拉敏"
      },
      "Indian/Cocos": {
        "label": "仰光、科科斯、西岛"
      }
    }
  }
}