{
  "output.timezone": {
    "type": "select",
    "label": "Timezone",
    "show_if": "output.compose_table_name=='true' && (output.prefix_rule=='date_string_type1' || output.prefix_rule=='date_string_type2' || output.prefix_rule=='time_string' || output.prefix_rule=='datetime_string' || output.suffix_rule=='date_string_type1' || output.suffix_rule=='date_string_type2' || output.suffix_rule=='time_string' || output.suffix_rule=='datetime_string')",
    "val": "Europe/Berlin",
    "required": true,
    "options": {
      "America/Adak": {
        "label": "Adak, Gambier"
      },
      "Australia/Adelaide": {
        "label": "Adelaide, Broken Hill, Darwin"
      },
      "America/Anchorage": {
        "label": "Anchorage, Juneau, Sitka"
      },
      "Pacific/Apia": {
        "label": "Apia, Asau, Mulifanua, Afega, Leulumoega"
      },
      "Pacific/Enderbury": {
        "label": "Apia, Fiji, Tongatapu"
      },
      "Antarctica/McMurdo": {
        "label": "Auckland, Casey, Davis"
      },
      "Pacific/Auckland": {
        "label": "Auckland, Wellington, Christchurch"
      },
      "Asia/Bangkok": {
        "label": "Bangkok, Jakarta, Novosibirsk"
      },
      "Europe/Berlin": {
        "label": "Berlin, Paris, Amsterdam"
      },
      "Australia/Perth": {
        "label": "Brunei, Singapore, Perth"
      },
      "Atlantic/Cape_Verde": {
        "label": "Cape Verde,Praia, Mindelo, Santa Maria"
      },
      "America/Belize": {
        "label": "Costa Rica, El Salvador, Denver"
      },
      "Antarctica/Vostok": {
        "label": "Dhaka, Bishkek, Omsk"
      },
      "Europe/Astrakhan": {
        "label": "Dubai, Baku, Tbilisi"
      },
      "Australia/Eucla": {
        "label": "Eucla"
      },
      "Pacific/Honolulu": {
        "label": "Honolulu, Rarotonga, Tahiti"
      },
      "Asia/Kabul": {
        "label": "Kabul, Kandahār, Mazār-e Sharīf, Herāt, Jalālābād"
      },
      "Asia/Aqtau": {
        "label": "Karachi, Tashkent, Maldives"
      },
      "Asia/Kathmandu": {
        "label": "Kathmandu, Pokhara, Pātan, Biratnagar"
      },
      "Pacific/Kiritimati": {
        "label": "Kiritimati"
      },
      "Asia/Colombo": {
        "label": "Kolkata, Colombo, Jaffna, Negombo"
      },
      "Europe/Guernsey": {
        "label": "London, Dublin, Lisbon"
      },
      "Australia/Lord_Howe": {
        "label": "Lord Howe"
      },
      "America/Creston": {
        "label": "Los Angeles, Vancouver, Hermosillo"
      },
      "Pacific/Marquesas": {
        "label": "Marquesas, Taiohae"
      },
      "America/Cayman": {
        "label": "Mexico City, Panama, Chicago"
      },
      "Pacific/Niue": {
        "label": "Midway, Niue, Pago Pago"
      },
      "Europe/Mariehamn": {
        "label": "Moscow, Istanbul, Qatar"
      },
      "Asia/Kolkata": {
        "label": "Mumbai, Delhi, Bengaluru, Kolkata, Chennai"
      },
      "America/Miquelon": {
        "label": "Noronha, Nuuk, Miquelon"
      },
      "America/Danmarkshavn": {
        "label": "Reykjavik, Dakar, Casablanca"
      },
      "Pacific/Bougainville": {
        "label": "Sakhalin, Norfolk, Bougainville"
      },
      "America/Araguaina": {
        "label": "Sao Paulo, Buenos Aires, Montevideo"
      },
      "America/St_Johns": {
        "label": "St. Johns ,Mount Pearl, Corner Brook"
      },
      "Asia/Tehran": {
        "label": "Tehran, Mashhad, Isfahan, Karaj, Tabriz"
      },
      "Asia/Tokyo": {
        "label": "Tokyo, Seoul, Jayapura"
      },
      "America/New_York": {
        "label": "Toronto, Santiago, New York"
      },
      "Australia/Sydney": {
        "label": "Vladivostok, Sydney, Brisbane"
      },
      "Asia/Yangon": {
        "label": "Yangon, Cocos, Mandalay, Nay Pyi Taw, Mawlamyine"
      },
      "Indian/Cocos": {
        "label": "Yangon, Cocos, West Island"
      }
    }
  }
}
